{
    "Level 1": {
        "precision": 0.8275862068965517,
        "recall": 0.7741935483870968,
        "f1-score": 0.8,
        "support": 93.0
    },
    "Level 2": {
        "precision": 0.7117117117117117,
        "recall": 0.7314814814814815,
        "f1-score": 0.7214611872146118,
        "support": 108.0
    },
    "Level 3": {
        "precision": 0.7264957264957265,
        "recall": 0.7264957264957265,
        "f1-score": 0.7264957264957265,
        "support": 117.0
    },
    "Level 4": {
        "precision": 0.6985294117647058,
        "recall": 0.7364341085271318,
        "f1-score": 0.7169811320754716,
        "support": 129.0
    },
    "Level 5": {
        "precision": 0.673469387755102,
        "recall": 0.6226415094339622,
        "f1-score": 0.6470588235294118,
        "support": 53.0
    },
    "accuracy": 0.728,
    "macro avg": {
        "precision": 0.7275584889247596,
        "recall": 0.7182492748650798,
        "f1-score": 0.7223993738630443,
        "support": 500.0
    },
    "weighted avg": {
        "precision": 0.7292691075498233,
        "recall": 0.728,
        "f1-score": 0.7282049838079455,
        "support": 500.0
    },
    "overall": {
        "accuracy": 0.728,
        "macro_precision": 0.7275584889247596,
        "macro_recall": 0.7182492748650798,
        "f1_score": 0.7282049838079455,
        "roc_auc_macro": 0.8242901457745774
    },
    "config": {
        "model_name": "emilyalsentzer/Bio_ClinicalBERT",
        "learning_rate": 2e-05,
        "train_batch_size": 16,
        "eval_batch_size": 16,
        "num_epochs": 15
    }
}