{
    "Level 1": {
        "precision": 0.8043478260869565,
        "recall": 0.7956989247311828,
        "f1-score": 0.8,
        "support": 93.0
    },
    "Level 2": {
        "precision": 0.7333333333333333,
        "recall": 0.7129629629629629,
        "f1-score": 0.7230046948356808,
        "support": 108.0
    },
    "Level 3": {
        "precision": 0.7217391304347827,
        "recall": 0.7094017094017094,
        "f1-score": 0.7155172413793104,
        "support": 117.0
    },
    "Level 4": {
        "precision": 0.697841726618705,
        "recall": 0.751937984496124,
        "f1-score": 0.7238805970149254,
        "support": 129.0
    },
    "Level 5": {
        "precision": 0.6938775510204082,
        "recall": 0.6415094339622641,
        "f1-score": 0.6666666666666666,
        "support": 53.0
    },
    "accuracy": 0.73,
    "macro avg": {
        "precision": 0.7302279134988372,
        "recall": 0.7223022031108487,
        "f1-score": 0.7258138399793166,
        "support": 500.0
    },
    "weighted avg": {
        "precision": 0.7304898380497021,
        "recall": 0.73,
        "f1-score": 0.729827909263783,
        "support": 500.0
    },
    "overall": {
        "accuracy": 0.73,
        "macro_precision": 0.7302279134988372,
        "macro_recall": 0.7223022031108487,
        "f1_score": 0.729827909263783,
        "roc_auc_macro": 0.8265540891911829,
        "test_loss": 0.5558674931526184
    },
    "config": {
        "model_name": "emilyalsentzer/Bio_ClinicalBERT",
        "learning_rate": 2e-05,
        "train_batch_size": 16,
        "eval_batch_size": 16,
        "num_epochs": 10
    }
}