{
    "Level 1": {
        "precision": 0.7978723404255319,
        "recall": 0.8064516129032258,
        "f1-score": 0.8021390374331551,
        "support": 93.0
    },
    "Level 2": {
        "precision": 0.7425742574257426,
        "recall": 0.6944444444444444,
        "f1-score": 0.7177033492822966,
        "support": 108.0
    },
    "Level 3": {
        "precision": 0.7096774193548387,
        "recall": 0.7521367521367521,
        "f1-score": 0.7302904564315352,
        "support": 117.0
    },
    "Level 4": {
        "precision": 0.7244094488188977,
        "recall": 0.7131782945736435,
        "f1-score": 0.71875,
        "support": 129.0
    },
    "Level 5": {
        "precision": 0.6481481481481481,
        "recall": 0.660377358490566,
        "f1-score": 0.6542056074766355,
        "support": 53.0
    },
    "accuracy": 0.73,
    "macro avg": {
        "precision": 0.7245363228346319,
        "recall": 0.7253176925097263,
        "f1-score": 0.7246176901247245,
        "support": 500.0
    },
    "weighted avg": {
        "precision": 0.7304661525511209,
        "recall": 0.73,
        "f1-score": 0.7298930456050454,
        "support": 500.0
    },
    "overall": {
        "accuracy": 0.73,
        "macro_precision": 0.7245363228346319,
        "macro_recall": 0.7253176925097263,
        "f1_score": 0.7298930456050454,
        "roc_auc_macro": 0.8282738891702783
    },
    "config": {
        "model_name": "emilyalsentzer/Bio_ClinicalBERT",
        "learning_rate": 2e-05,
        "train_batch_size": 8,
        "eval_batch_size": 8,
        "num_epochs": 10
    }
}