{
    "Level 1": {
        "precision": 0.7978723404255319,
        "recall": 0.8064516129032258,
        "f1-score": 0.8021390374331551,
        "support": 93.0
    },
    "Level 2": {
        "precision": 0.74,
        "recall": 0.6851851851851852,
        "f1-score": 0.7115384615384616,
        "support": 108.0
    },
    "Level 3": {
        "precision": 0.7272727272727273,
        "recall": 0.7521367521367521,
        "f1-score": 0.7394957983193278,
        "support": 117.0
    },
    "Level 4": {
        "precision": 0.7089552238805971,
        "recall": 0.7364341085271318,
        "f1-score": 0.7224334600760456,
        "support": 129.0
    },
    "Level 5": {
        "precision": 0.6666666666666666,
        "recall": 0.6415094339622641,
        "f1-score": 0.6538461538461539,
        "support": 53.0
    },
    "accuracy": 0.732,
    "macro avg": {
        "precision": 0.7281533916491045,
        "recall": 0.7243434185429118,
        "f1-score": 0.7258905822426287,
        "support": 500.0
    },
    "weighted avg": {
        "precision": 0.7320031879288278,
        "recall": 0.732,
        "f1-score": 0.7316277104689092,
        "support": 500.0
    },
    "overall": {
        "accuracy": 0.732,
        "macro_precision": 0.7281533916491045,
        "macro_recall": 0.7243434185429118,
        "f1_score": 0.7316277104689092,
        "roc_auc_macro": 0.8279393021812652,
        "test_loss": 1.1033267974853516
    },
    "config": {
        "model_name": "emilyalsentzer/Bio_ClinicalBERT",
        "learning_rate": 2e-05,
        "train_batch_size": 8,
        "eval_batch_size": 8,
        "num_epochs": 15
    }
}