{
    "Level 1": {
        "precision": 0.8041237113402062,
        "recall": 0.8387096774193549,
        "f1-score": 0.8210526315789474,
        "support": 93.0
    },
    "Level 2": {
        "precision": 0.77,
        "recall": 0.7129629629629629,
        "f1-score": 0.7403846153846154,
        "support": 108.0
    },
    "Level 3": {
        "precision": 0.7192982456140351,
        "recall": 0.7008547008547008,
        "f1-score": 0.70995670995671,
        "support": 117.0
    },
    "Level 4": {
        "precision": 0.6906474820143885,
        "recall": 0.7441860465116279,
        "f1-score": 0.7164179104477612,
        "support": 129.0
    },
    "Level 5": {
        "precision": 0.68,
        "recall": 0.6415094339622641,
        "f1-score": 0.6601941747572816,
        "support": 53.0
    },
    "accuracy": 0.734,
    "macro avg": {
        "precision": 0.732813887793726,
        "recall": 0.7276445643421822,
        "f1-score": 0.729601208425063,
        "support": 500.0
    },
    "weighted avg": {
        "precision": 0.7344698501426749,
        "recall": 0.734,
        "f1-score": 0.7335851399464256,
        "support": 500.0
    },
    "overall": {
        "accuracy": 0.734,
        "macro_precision": 0.732813887793726,
        "macro_recall": 0.7276445643421822,
        "f1_score": 0.7335851399464256,
        "roc_auc_macro": 0.8297618243397229,
        "test_loss": 0.7502435445785522
    },
    "config": {
        "model_name": "emilyalsentzer/Bio_ClinicalBERT",
        "learning_rate": 2e-05,
        "train_batch_size": 8,
        "eval_batch_size": 8,
        "num_epochs": 10
    }
}