{
    "Level 1": {
        "precision": 0.8202247191011236,
        "recall": 0.7849462365591398,
        "f1-score": 0.8021978021978022,
        "support": 93.0
    },
    "Level 2": {
        "precision": 0.7314814814814815,
        "recall": 0.7314814814814815,
        "f1-score": 0.7314814814814815,
        "support": 108.0
    },
    "Level 3": {
        "precision": 0.7107438016528925,
        "recall": 0.7350427350427351,
        "f1-score": 0.7226890756302521,
        "support": 117.0
    },
    "Level 4": {
        "precision": 0.6870229007633588,
        "recall": 0.6976744186046512,
        "f1-score": 0.6923076923076923,
        "support": 129.0
    },
    "Level 5": {
        "precision": 0.6470588235294118,
        "recall": 0.6226415094339622,
        "f1-score": 0.6346153846153846,
        "support": 53.0
    },
    "accuracy": 0.722,
    "macro avg": {
        "precision": 0.7193063453056536,
        "recall": 0.7143572762243939,
        "f1-score": 0.7166582872465226,
        "support": 500.0
    },
    "weighted avg": {
        "precision": 0.72271599103065,
        "recall": 0.722,
        "f1-score": 0.7222026502908856,
        "support": 500.0
    },
    "overall": {
        "accuracy": 0.722,
        "macro_precision": 0.7193063453056536,
        "macro_recall": 0.7143572762243939,
        "f1_score": 0.7222026502908856,
        "roc_auc_macro": 0.8216330352206859,
        "test_loss": 0.6657856702804565
    },
    "config": {
        "model_name": "emilyalsentzer/Bio_ClinicalBERT",
        "learning_rate": 3e-05,
        "train_batch_size": 16,
        "eval_batch_size": 16,
        "num_epochs": 10
    }
}