{
    "Level 1": {
        "precision": 0.7894736842105263,
        "recall": 0.8064516129032258,
        "f1-score": 0.7978723404255319,
        "support": 93.0
    },
    "Level 2": {
        "precision": 0.7475728155339806,
        "recall": 0.7129629629629629,
        "f1-score": 0.7298578199052133,
        "support": 108.0
    },
    "Level 3": {
        "precision": 0.7166666666666667,
        "recall": 0.7350427350427351,
        "f1-score": 0.7257383966244726,
        "support": 117.0
    },
    "Level 4": {
        "precision": 0.7045454545454546,
        "recall": 0.7209302325581395,
        "f1-score": 0.7126436781609196,
        "support": 129.0
    },
    "Level 5": {
        "precision": 0.68,
        "recall": 0.6415094339622641,
        "f1-score": 0.6601941747572816,
        "support": 53.0
    },
    "accuracy": 0.73,
    "macro avg": {
        "precision": 0.7276517241913256,
        "recall": 0.7233793954858655,
        "f1-score": 0.7252612819746838,
        "support": 500.0
    },
    "weighted avg": {
        "precision": 0.729870560691225,
        "recall": 0.73,
        "f1-score": 0.7297189807185908,
        "support": 500.0
    },
    "overall": {
        "accuracy": 0.73,
        "macro_precision": 0.7276517241913256,
        "macro_recall": 0.7233793954858655,
        "f1_score": 0.7297189807185908,
        "roc_auc_macro": 0.8271742074478301
    },
    "config": {
        "model_name": "emilyalsentzer/Bio_ClinicalBERT",
        "learning_rate": 2e-05,
        "train_batch_size": 16,
        "eval_batch_size": 16,
        "num_epochs": 10
    }
}